Time,NoBlobs,Evolution_time,Circulation
0.001,18697,2.165304754000317,0.0018972850228315963
0.002,18998,2.2796211759996368,0.00189729035182859
0.003,19323,2.267606641999919,0.0018972916560707764
0.004,19466,2.2991452690002916,0.0018972917713156179
0.005,19589,2.368739006999931,0.0018972953750022448
0.006,19666,2.42845909100015,0.0018972991758746116
0.007,19754,2.4011540510000486,0.0018972994898502904
